enemy_distance,enemy_bearing,enemy_velocity,my_energy,enemy_energy,wall_distance,wall_bearing,turn_rate,move_distance,fire_power
342.97230909259065,45.60147346539348,0.0,100.0,100.0,106.763048605976,-127.36189899652902,135.6014734653935,60.0,2.0
470.48853829440617,36.567030517388794,0.0,100.0,100.0,106.763048605976,-127.36189899652902,126.56703051738879,60.0,1.0
341.1790789603578,35.66611739256259,1.0,100.0,100.0,107.49869541600503,-137.361898996529,125.6661173925626,60.0,2.0
469.5943395326146,26.621599373186854,0.0,100.0,100.0,107.49869541600503,-137.361898996529,116.62159937318685,60.0,1.0
467.68594385800657,17.444753920779156,0.0,100.0,100.0,109.16861975053439,-146.61189899652902,107.44475392077916,60.0,1.0
465.5152677341555,8.927151921923734,1.0,100.0,100.0,111.89001405266958,-155.111898996529,98.92715192192374,60.0,1.0
463.27816044884037,1.0701149801092247,2.0,100.0,100.0,115.71240313349722,-162.86189899652896,91.07011498010922,60.0,1.0
461.1322822965949,-6.119571333014237,3.0,100.0,100.0,120.63433486121585,-169.86189899652902,83.88042866698576,60.0,1.0
459.1927426091904,-12.63146394075707,4.0,100.0,100.0,126.62052515627295,-176.11189899652902,77.36853605924293,60.0,1.0
456.9258959150034,-18.44758437836727,4.391997465544041,100.0,100.0,133.61775521995094,178.38810100347098,71.55241562163273,60.0,1.0
453.825119705515,-23.571595066122136,4.246969232760582,100.0,100.0,141.56848981936128,173.63810100347098,66.42840493387786,-60.0,1.0
450.7274971380862,-27.876315678462394,2.2469692327605824,100.0,100.0,147.47063759770379,169.63810100347098,62.12368432153761,-60.0,1.0
447.6266317676296,-33.6480286654625,0.24696923276058236,100.0,100.0,151.31833070359232,164.13810100347092,56.3519713345375,-60.0,1.0
445.3417891269171,-40.86935415699482,-0.8765153836197088,100.0,100.0,153.16121863281194,157.13810100347092,49.13064584300518,-60.0,1.0
443.86471374483733,-49.51850699788404,-1.8765153836197088,100.0,100.0,153.16121863281194,148.63810100347092,40.48149300211596,-60.0,1.0
442.4026971187631,-59.67823559979238,-2.876515383619709,100.0,100.0,152.4106679646393,138.63810100347098,30.32176440020762,-60.0,1.0
217.3170854329064,-62.856682461408276,8.0,100.0,100.0,151.14152792307436,129.38810100347098,27.143317538591724,-60.0,2.0
440.88641825802597,-69.09711261264064,-3.876515383619709,100.0,100.0,151.14152792307436,129.38810100347098,20.902887387359357,60.0,1.0
209.6077487859667,-71.93033366159601,8.0,100.0,100.0,151.14152792307436,120.88810100347104,18.06966633840399,60.0,2.0
438.61909551479266,-78.15963022409835,-4.876515383619709,100.0,100.0,151.14152792307436,120.88810100347104,11.84036977590165,60.0,1.0
201.74809256826717,-82.7842331448695,8.0,100.0,100.0,151.49807190223078,110.88810100347098,7.2157668551304965,60.0,2.0
436.521259466706,-89.01054350808643,-5.876515383619709,100.0,100.0,151.49807190223078,110.88810100347098,0.9894564919135718,60.0,1.0
193.80950952283163,-84.93476200759554,8.0,100.0,100.0,152.17878651228932,109.89864451155739,5.065237992404462,60.0,3.0
434.86946812394984,-91.14017979159071,-6.876515383619709,100.0,100.0,152.17878651228932,109.89864451155739,-1.140179791590711,60.0,1.0
185.7695921077102,-85.29060424396125,8.0,100.0,100.0,153.2557879296338,111.03882430314815,4.709395756038745,60.0,3.0
433.8181308012989,-91.42479408785603,-7.876515383619709,100.0,100.0,153.2557879296338,111.03882430314815,-1.4247940878560286,60.0,1.0
177.6501916260514,-85.7402220950669,8.0,100.0,100.0,154.78417477475273,112.46361839100416,4.259777904933102,60.0,3.0
433.5458558875423,-91.58449042448991,-8.0,100.0,100.0,154.78417477475273,112.46361839100416,-1.584490424489914,60.0,1.0
169.4934264422695,-86.46082112447418,8.0,100.0,100.0,156.82169259802356,114.048108815494,3.5391788755258204,60.0,3.0
434.0817172137599,-91.71520431207746,-8.0,100.0,100.0,156.82169259802356,114.048108815494,-1.7152043120774607,60.0,1.0
161.36599928318438,-87.54386946411712,8.0,100.0,100.0,159.42961977823325,115.76331312757151,2.4561305358828776,60.0,3.0
435.43985669970965,-91.83179173069155,-8.0,100.0,100.0,159.42961977823325,115.76331312757151,-1.831791730691549,60.0,1.0
153.3666264194605,-89.07698066005325,8.0,100.0,100.0,162.6721620143005,117.59510485826303,0.9230193399467481,60.0,3.0
437.6233032488025,-91.93316032540888,-8.0,100.0,100.0,162.6721620143005,117.59510485826303,-1.9331603254088776,60.0,1.0
145.63609570074965,-91.15905660471999,8.0,100.0,100.0,166.61498493022145,119.52826518367192,-1.1590566047199928,60.0,3.0
440.6231782612647,-92.01867793693503,-8.0,100.0,100.0,166.61498493022145,119.52826518367192,-2.0186779369350347,60.0,1.0
138.04951129562062,-90.16613778814076,8.0,99.4,100.0,166.61498493022145,121.54694312060701,-0.16613778814075886,60.0,3.0
443.64297997222803,-90.79041383548463,0.0,99.4,97.0,166.61498493022145,121.54694312060701,-0.7904138354846282,60.0,1.0
130.44133553036795,-91.62843423215915,8.0,99.4,100.0,167.1381818978216,121.54694312060701,-1.628434232159151,60.0,3.0
443.65790163997906,-90.91954570912303,0.0,99.4,97.0,167.1381818978216,121.54694312060701,-0.9195457091230281,60.0,1.0
122.85816797018234,-92.68500009061344,8.0,99.4,100.0,168.21179436475757,122.46648882973,-2.6850000906134426,60.0,3.0
443.6624095949412,-90.25828635616317,0.0,99.4,97.0,168.21179436475757,122.46648882973,-0.2582863561631683,60.0,1.0
115.41283458521028,-95.01091632402667,8.0,99.4,100.0,169.83360680405065,122.72477518589312,-5.010916324026667,60.0,3.0
443.6725523261377,-90.38742231738294,0.0,99.4,97.0,169.83360680405065,122.72477518589312,-0.3874223173829421,60.0,1.0
108.2384773126687,-97.92752614445455,8.0,99.4,100.0,172.01872795493637,123.1121975032761,-7.927526144454546,60.0,3.0
443.3849084958079,-90.5006061386626,0.3296383352738217,99.4,97.0,172.01872795493637,123.1121975032761,-0.5006061386626044,60.0,1.0
101.51504260372006,-101.57581362516147,8.0,96.4,100.0,174.78661627873282,123.61280364193868,-11.575813625161473,60.0,3.0
443.7844579536191,-90.65592395568518,0.0,96.4,97.0,174.78661627873282,123.61280364193868,-0.6559239556851821,60.0,1.0
443.8250163309719,-90.77459615076528,0.0,96.4,95.60716502858135,178.16506673051163,124.26872759762387,-0.7745961507652765,60.0,1.0
442.8890169398533,-90.92070080755619,1.0,96.4,95.60716502858135,182.18443640391945,125.04332374838913,-0.9207008075561873,60.0,1.0
440.99855601380676,-91.0846674945913,2.0,96.4,95.60716502858135,186.88265370648662,125.96402455594534,-1.0846674945913009,60.0,1.0
438.14148098983316,-91.12345925325565,3.0,96.4,95.60716502858135,191.7026018299738,127.04869205053666,-1.1234592532556462,60.0,1.0
434.31904374170847,-91.16535788783003,4.0,96.4,95.60716502858135,196.64681267356434,128.17215130379225,-1.1653578878300266,60.0,1.0
429.53125218403443,-91.21028559495268,5.0,105.4,95.60716502858135,201.71791137948617,129.3375091916223,-1.2102855949526798,-60.0,1.0
423.7370833098878,-90.98735821415207,6.0,105.4,95.60716502858135,205.61840418949475,130.54779478657503,-0.9873582141520671,-60.0,1.0
417.4404146769928,-90.73691849600952,6.477477637355694,105.4,95.60716502858135,208.27072192739172,131.53515300072706,-0.7369184960095225,60.0,1.0
411.2246144509528,-90.87351811472949,6.390885194998437,105.4,95.60716502858135,211.6339814502952,132.2720714967366,-0.8735181147294924,60.0,1.0
405.0607364775185,-91.01897380870129,6.343133056785893,105.4,95.60716502858135,215.73710868601063,133.14558961146605,-1.0189738087012898,60.0,1.0
399.00293845756056,-91.16774075975839,6.244038516933326,105.4,95.60716502858135,220.61415968363417,134.16456342016738,-1.167740759758388,60.0,2.0
393.0920663417259,-91.32172819930244,6.109400598666366,105.4,95.60716502858135,226.303727242582,135.33230417992576,-1.3217281993024415,60.0,2.0
387.2839018066192,-91.335245471649,6.001437972651135,105.4,95.60716502858135,232.12150564902424,136.65403237922817,-1.335245471649003,60.0,2.0
381.4616334547086,-91.3524666927807,6.012878060446816,105.4,94.35222411288169,238.06566239703807,137.98927785087722,-1.3524666927806948,60.0,2.0
375.82575839393945,-91.3640887842828,5.819904627069764,105.4,94.35222411288169,244.13453632196627,139.34174454365785,-1.3640887842827993,60.0,2.0
372.1254639584579,-91.31539915736191,3.8369074984343423,103.4,94.35222411288169,248.689447399205,50.705833327940695,-1.3153991573619095,60.0,2.0
367.4088247631712,-91.32063343635801,4.836907498434343,103.4,84.35222411288169,243.7664920826163,52.02123248530256,-1.3206334363580083,-60.0,2.0
361.6477328568698,-91.02344594729253,5.836907498434343,103.4,84.35222411288169,240.18425729371347,53.3418659216606,-1.0234459472925295,-60.0,2.0
354.8682631432321,-90.74469034847381,6.836907498434343,103.4,84.35222411288169,237.85379676326755,54.365311868953086,-0.7446903484738101,-60.0,2.0
347.0872515785668,-90.46757601764673,7.836907498434343,103.4,84.35222411288169,236.7097913843054,55.11000221742694,-0.46757601764673495,-60.0,2.0
339.1437985833453,-90.15856505972975,8.0,103.4,84.35222411288169,236.7097913843054,55.5775782350737,-0.158565059729753,-60.0,2.0
331.20412509421845,-89.99664390465202,8.0,103.4,84.35222411288169,237.2727962022442,55.73614329480341,0.003356095347982091,-60.0,2.0
323.270328238953,-89.82549441529079,8.0,103.4,84.35222411288169,238.39890265508842,55.73278719945546,0.17450558470920896,-60.0,2.0
315.3319543457829,-89.62484854105037,8.0,103.4,84.35222411288169,240.09560556871264,55.55828161474619,0.375151458949631,-60.0,2.0
307.3905667073988,-89.40731091364974,8.0,103.4,84.35222411288169,242.37942683853885,55.18313015579656,0.5926890863502621,-60.0,2.0
299.4487939379908,-89.16816559420104,8.0,103.4,84.35222411288169,245.27651261839924,54.590441069446285,0.8318344057989577,60.0,2.0
291.47235059839613,-89.49763030576791,8.0,103.4,82.78019862656512,247.0500781241724,53.758606663647356,0.5023696942320868,60.0,2.0
283.4833385766706,-89.88017967478794,8.0,103.4,82.78019862656512,247.64831550019238,53.25623696941528,0.11982032521206065,60.0,2.0
275.49151329933807,-90.17315992701712,8.0,103.4,82.78019862656512,247.34835958407456,53.13641664420322,-0.17315992701712446,60.0,2.0
267.5020156867569,-90.37958592065779,8.0,101.4,82.78019862656512,246.45212289254965,53.309576571220305,-0.37958592065778873,60.0,2.0
259.51976904455614,-90.60321730626441,8.0,101.4,82.78019862656512,244.97170886829173,53.68916249187811,-0.603217306264412,60.0,2.0
251.5503136322962,-90.84739846590784,8.0,101.4,82.78019862656512,242.92893662851515,54.29237979814252,-0.847398465907844,60.0,2.0
243.60007078550026,-91.11511074514054,8.0,107.4,72.78019862656512,240.35684311837628,55.13977826405039,-1.1151107451405409,60.0,2.0
235.74532805825768,-91.5684679124743,8.0,107.4,72.78019862656512,237.3015970658866,56.25488900919089,-1.5684679124743042,60.0,2.0
227.95440777096573,-91.91976543317496,8.0,107.4,72.78019862656512,233.8401437668805,57.82335692166521,-1.919765433174959,60.0,2.0
220.2318597664577,-92.28391992385376,8.0,107.4,72.78019862656512,230.0610612710111,59.74312235484018,-2.283919923853759,60.0,2.0
212.5768407395081,-92.55063011004229,8.0,107.4,72.78019862656512,226.3086230331608,62.0270422786939,-2.5506301100422917,60.0,2.0
204.97909506445092,-92.70158084573868,8.0,107.4,72.78019862656512,222.87432605832504,64.57767238873623,-2.7015808457386754,60.0,2.0
197.46392462279374,-92.88121945478541,8.0,107.4,72.78019862656512,219.78440551851276,67.27925323447488,-2.881219454785409,60.0,3.0
190.03016982405416,-93.06237326683852,8.0,107.4,72.78019862656512,217.0693100303116,70.1604726892603,-3.06237326683852,60.0,3.0
182.69471459784828,-93.26319409261679,8.0,107.4,71.41447107985539,214.7601095893097,73.22284595609881,-3.2631940926167857,60.0,3.0
175.52654563607047,-93.5225078729637,8.0,113.4,61.41447107985539,212.8906514129206,76.48604004871561,-3.5225078729637005,-60.0,3.0
168.73731795613082,-93.30991056310836,8.0,113.4,61.41447107985539,211.84964389564448,80.00854792167928,-3.3099105631083603,-60.0,3.0
162.0955538403963,-92.87801092374214,8.0,110.4,61.41447107985539,211.3842408161703,83.31845848478764,-2.8780109237421385,-60.0,3.0
155.5055282722023,-92.33721541964576,8.0,110.4,61.41447107985539,211.2515700456796,86.19646940852977,-2.3372154196457586,-60.0,3.0
148.95659769734084,-91.72980030450336,8.0,110.4,61.41447107985539,211.2515700456796,88.53368482817552,-1.7298003045033568,-60.0,3.0
142.44658315430044,-91.44247242624463,8.0,110.4,61.41447107985539,211.24697137879303,90.26348513267891,-1.4424724262446347,-60.0,3.0
135.95645636983463,-91.11331291281518,8.0,110.4,61.41447107985539,211.1874310244374,91.7059575589235,-1.113312912815175,-60.0,3.0
129.46376574756323,-90.73425612667064,8.0,110.4,61.41447107985539,211.03987392842447,92.81927047173866,-0.734256126670644,-60.0,3.0
122.94072055236583,-90.29320517755261,8.0,110.4,61.41447107985539,210.7919499858703,93.55352659840935,-0.29320517755260767,-60.0,3.0
116.34777291906099,-89.76852597313743,8.0,110.4,61.41447107985539,210.45651144363165,93.84673177596193,0.23147402686257124,-60.0,3.0
109.65749698027803,-89.14713796024067,8.0,110.4,61.41447107985539,210.0781737049527,93.61525774909938,0.8528620397593301,-60.0,3.0
102.86071427962187,-88.41529486881043,8.0,110.4,61.41447107985539,209.7408141356155,92.76239570934007,1.5847051311895655,-60.0,3.0
95.94976304952925,-87.53511281857,8.0,110.4,60.45216511587089,209.57638908892704,91.17769057815048,2.464887181430001,-60.0,3.0
88.88706856220202,-87.12317555996087,8.0,110.4,60.45216511587089,209.75610052170202,88.71280339672052,2.8768244400391296,-60.0,3.0
81.89718011915055,-86.9754624856388,8.0,110.4,60.45216511587089,210.3369958645094,85.83597895668134,3.0245375143611994,60.0,3.0
76.37209145957162,-87.06296817784155,6.0,110.4,50.45216511587089,211.08780655360312,82.81144144232019,2.9370318221584455,60.0,3.0
72.55734000471047,-87.61626653717059,4.0,110.4,50.45216511587089,211.79103224771222,79.87440962016171,2.3837334628294116,60.0,3.0
70.61897241299775,-88.7152591586605,2.0,110.4,50.45216511587089,212.2242292185777,77.4906761573323,1.2847408413394987,60.0,3.0
70.61897241299775,-90.0,-0.0,107.4,50.45216511587089,212.2242292185777,76.2059353159928,0.0,60.0,3.0
71.60601124687541,-90.65079046296025,-1.0,107.4,50.45216511587089,211.98579636286183,76.2059353159928,-0.650790462960245,60.0,3.0
73.5840963333218,-91.24972876435581,-2.0,107.4,50.45216511587089,211.53102263288287,76.85672577895303,-1.2497287643558082,60.0,3.0
280.2072067241659,-86.65116683429312,-8.0,107.4,74.0,211.53102263288287,76.85672577895303,3.3488331657068784,60.0,2.0
76.7877319408761,-96.34127882073096,-3.0,107.4,50.45216511587089,210.67937284511464,73.50789261324616,-6.341278820730963,60.0,3.0
283.1088833800115,-92.13125865235753,-8.0,107.4,74.0,210.67937284511464,73.50789261324616,-2.1312586523575305,60.0,2.0
81.01282526063196,-96.3325330001609,-4.0,107.4,50.45216511587089,209.6872609316245,75.63915126560369,-6.332533000160893,60.0,3.0
286.4575899199253,-92.27380167889855,-8.0,107.4,74.0,209.6872609316245,75.63915126560369,-2.2738016788985504,60.0,2.0
86.23809842581922,-96.43638585649427,-5.0,107.4,50.45216511587089,208.64027338863787,77.91295294450225,-6.436385856494269,60.0,3.0
289.62544038747853,-92.46487888216694,-8.0,107.4,74.0,208.64027338863787,77.91295294450225,-2.4648788821669427,60.0,2.0
89.67960645080187,-97.25751800723341,-3.0,107.4,49.80233037763627,207.6373720470496,80.3778318266692,-7.257518007233415,60.0,3.0
292.63752635398373,-92.65017805407862,-8.0,107.4,74.0,207.6373720470496,80.3778318266692,-2.650178054078623,-60.0,2.0
91.01191941876436,-96.90001963353755,-1.0,116.4,33.80233037763627,207.1518356144794,83.02800988074779,-6.900019633537553,-60.0,3.0
295.3860318280657,-92.24914941998261,-8.0,116.4,74.0,207.1518356144794,83.02800988074779,-2.249149419982615,-60.0,2.0
90.75083047584155,-96.0469035773566,0.5,116.4,33.80233037763627,206.98716400043105,85.27715930073043,-6.046903577356602,-60.0,3.0
297.83071818319684,-91.85982305654275,-8.0,116.4,74.0,206.98716400043105,85.27715930073043,-1.8598230565427514,-60.0,2.0
89.41789034944101,-94.62464387855061,1.5,116.4,33.80233037763627,206.98716400043105,87.13698235727315,-4.624643878550614,-60.0,3.0
300.03441141636495,-91.47407204341958,-8.0,116.4,74.0,206.98716400043105,87.13698235727315,-1.4740720434195822,-60.0,2.0
87.14466627507745,-93.25195768478244,2.5,116.4,33.80233037763627,207.01140330003454,88.61105440069275,-3.2519576847824396,-60.0,3.0
302.0955751155323,-91.28024909363947,-8.0,116.4,74.0,207.01140330003454,88.61105440069275,-1.280249093639469,-60.0,2.0
83.97084787110988,-91.70880862749817,3.5,116.4,33.80233037763627,207.01519752157725,89.89130349433225,-1.708808627498172,-60.0,3.0
303.9836350433747,-91.09085226840553,-8.0,116.4,72.0,207.01519752157725,89.89130349433225,-1.090852268405527,-60.0,2.0
82.32504351927109,-89.18107089223498,1.8874618952264544,116.4,33.80233037763627,206.96377448456593,90.98215576273776,0.8189291077650154,-60.0,3.0
305.52625446799124,-90.9109444667932,-8.0,116.4,72.0,206.96377448456593,90.98215576273776,-0.9109444667931967,-60.0,2.0
82.54487140085834,-85.49304216960819,-0.00242494046831343,116.4,33.80233037763627,206.83163520199338,91.89310022953094,4.506957830391812,-60.0,3.0
306.6298040362498,-90.73380232681873,-8.0,116.4,72.0,206.83163520199338,91.89310022953094,-0.7338023268187328,-60.0,2.0
84.08567903463265,-81.07844856677247,-1.0024249404683134,116.4,33.80233037763627,206.60247501229225,92.62690255634965,8.921551433227535,-60.0,3.0
307.26922218213434,-90.5548521634666,-8.0,116.4,72.0,206.60247501229225,92.62690255634965,-0.5548521634666059,-60.0,2.0
307.59725834386376,-90.37133586824744,-8.0,116.4,72.0,206.26945366141524,93.18175471981624,-0.37133586824744214,-60.0,2.0
307.8374717260514,-90.18546139611104,-8.0,114.4,72.0,205.8356399282526,93.5530905880637,-0.1854613961110374,-60.0,2.0
308.0603389632036,-89.99942251122661,-8.0,114.4,72.0,205.3140099270043,93.73855198417476,5.774887733878131E-4,-60.0,2.0
308.03629979341275,-89.99999328198976,-8.0,114.4,72.0,204.79246038683783,93.73797449540132,6.718010240547301E-6,-60.0,2.0
307.45426970673896,-89.99604915565197,-8.0,114.4,72.0,204.27091178268705,93.73796777739108,0.003950844348025839,-60.0,2.0
306.3165485304901,-89.9847901503027,-8.0,114.4,72.0,203.7499136481694,93.73401693304305,0.01520984969729966,-60.0,2.0
304.7740318164508,-89.97177724266162,-8.0,114.4,72.0,203.23103471930017,93.71880708334578,0.02822275733838353,-60.0,2.0
303.0646287823656,-89.96506750689537,-8.0,114.4,72.0,202.7160881960545,93.69058432600735,0.03493249310463398,-60.0,2.0
301.27816963260676,-89.96157862920049,-8.0,114.4,72.0,202.20600914947534,93.65565183290272,0.03842137079951158,-60.0,2.0
299.2803663678533,-89.95146976777903,-8.0,114.4,72.0,201.70128393697752,93.61723046210318,0.04853023222096908,-60.0,2.0
296.85677785607146,-89.92742496849436,-8.0,114.4,76.0,196.86286734528016,-176.43129977011785,0.07257503150563593,-60.0,2.0
294.0525357417003,-91.45301443142603,-8.0,113.20000000000002,76.0,196.86286734528016,-176.50387480162345,-1.453014431426027,-60.0,2.0
291.12639934061366,-92.71817152989375,-8.0,113.20000000000002,76.0,195.8647284205474,-176.50387480162345,-2.718171529893752,-60.0,2.0
288.4321366392159,-91.09531910041233,-8.0,113.20000000000002,76.0,193.87648045157505,-173.7857032717297,-1.0953191004123255,60.0,2.0
286.18473743995816,-91.53119127055942,-8.0,112.60000000000002,76.0,193.87648045157505,-172.69038417131736,-1.5311912705594182,60.0,2.0
284.2697298177387,-91.76047071537913,-8.0,110.60000000000002,76.0,194.86459962308595,-171.15919290075794,-1.7604707153791281,60.0,2.0
282.35097096174735,-91.9734584955128,-8.0,110.60000000000002,76.0,196.83046211590352,-169.39872218537886,-1.9734584955128014,60.0,2.0
280.2521807310509,-92.18025205257914,-8.0,110.60000000000002,76.0,199.75850067778765,-167.42526368986603,-2.180252052579135,60.0,2.0
278.185979907791,-92.40202570381503,-8.0,110.60000000000002,76.0,203.11936508706316,104.7549883627131,-2.4020257038150277,60.0,2.0
276.6104717389333,-92.64775346513608,-8.0,110.00000000000003,76.0,204.59432145231716,107.15701406652815,-2.647753465136077,60.0,2.0
275.60048631730143,-91.64688915431205,-8.0,109.40000000000003,76.0,204.59432145231716,109.80476753166423,-1.6468891543120492,60.0,2.0
274.8595283946655,-93.30518332567813,-8.0,108.20000000000005,76.0,204.59432145231716,109.80476753166423,-3.3051833256781293,60.0,2.0
273.8818248105456,-95.1696379122677,-8.0,107.60000000000005,76.0,204.93313766125493,109.80476753166423,-5.169637912267703,60.0,2.0
272.5209024046626,-91.6533674379559,-8.0,106.40000000000006,76.0,204.93313766125493,114.97440544393191,-1.6533674379558931,60.0,2.0
270.8380359172335,-93.30283922872496,-8.0,105.20000000000007,74.0,204.93313766125493,114.97440544393191,-3.302839228724963,60.0,2.0
269.0035179286564,-94.95580531373258,-8.0,104.00000000000009,74.0,204.93313766125493,114.97440544393191,-4.955805313732583,60.0,2.0
267.31024571966407,-96.62646688531909,-8.0,102.8000000000001,74.0,204.93313766125493,114.97440544393191,-6.62646688531909,60.0,2.0
265.8862113045895,-98.31839107268073,-8.0,101.60000000000011,74.0,204.93313766125493,114.97440544393191,-8.318391072680726,60.0,2.0
264.5344268517353,-100.02191960275671,-8.0,100.40000000000012,74.0,204.93313766125493,114.97440544393191,-10.02191960275671,60.0,2.0
262.87537413381926,-101.72238132086014,-8.0,97.20000000000013,74.0,204.93313766125493,114.97440544393191,-11.722381320860137,60.0,2.0
260.90332861634823,-103.41867420351979,-8.0,96.00000000000014,74.0,204.93313766125493,114.97440544393191,-13.418674203519785,60.0,2.0
258.62085940865205,-105.10997081941277,-8.0,94.80000000000015,74.0,204.93313766125493,114.97440544393191,-15.109970819412766,60.0,2.0
256.0948164474677,-106.79998157400914,-8.0,93.60000000000016,74.0,204.93313766125493,114.97440544393191,-16.799981574009138,60.0,2.0
253.4241992838529,-108.49606528344914,-8.0,92.40000000000018,74.0,204.93313766125493,114.97440544393191,-18.49606528344914,60.0,2.0
151.97723659128138,-118.06714248158433,8.0,91.20000000000019,94.0,204.93313766125493,114.97440544393191,-28.067142481584327,60.0,3.0
250.5897434009356,-110.19702678425108,-8.0,91.20000000000019,74.0,204.93313766125493,114.97440544393191,-20.19702678425108,60.0,2.0
146.02568297725026,-116.01094117682025,8.0,90.0000000000002,94.0,204.93313766125493,114.97440544393191,-26.010941176820253,60.0,3.0
247.45696903971862,-111.89077713890028,-8.0,90.0000000000002,74.0,204.93313766125493,114.97440544393191,-21.890777138900276,-60.0,2.0
139.49342841671418,-113.57450660765915,8.0,90.0000000000002,94.0,204.51092429776088,114.97440544393191,-23.574506607659146,-60.0,3.0
244.67585064487795,-113.45328146996448,-8.0,90.0000000000002,74.0,204.51092429776088,114.97440544393191,-23.45328146996448,-60.0,2.0
132.8178800021896,-101.39086692206837,8.0,89.4000000000002,94.0,203.38605304526686,124.22440544393191,-11.39086692206837,-60.0,3.0
242.50526282323727,-105.58963612376087,-8.0,89.4000000000002,74.0,203.38605304526686,124.22440544393191,-15.589636123760869,-60.0,2.0
127.23506332130495,-89.02085228624088,8.0,89.4000000000002,94.0,201.35063509784163,132.72440544393191,0.9791477137591187,-60.0,3.0
241.3414522853709,-97.90861374499092,0.0,89.4000000000002,71.0,201.35063509784163,132.72440544393191,-7.908613744990916,-60.0,2.0
241.66421944086522,-88.9827818150455,1.0,95.4000000000002,70.4,198.26527364036696,140.4744054439319,1.0172181849545012,60.0,2.0
217.38595011176486,-97.74660761866014,-1.0,95.4000000000002,56.60000000000007,196.74543269906178,139.4571872589774,-7.746607618660136,60.0,2.0
242.59743252138014,-89.10622768741366,2.0,95.4000000000002,76.4,196.74543269906178,139.4571872589774,0.8937723125863357,60.0,2.0
242.59743252138014,-90.0,-0.0,95.4000000000002,73.4,196.74543269906178,138.56341494639105,0.0,60.0,2.0
117.08260806717544,-68.46223444766645,8.0,95.4000000000002,81.0,197.4951213485743,138.56341494639105,21.537765552333553,60.0,3.0
243.3200660197131,-90.07265914229103,1.0,95.4000000000002,73.4,197.4951213485743,138.56341494639105,-0.07265914229103032,60.0,2.0
115.83513180400666,-65.3648380483498,8.0,92.4000000000002,81.0,198.99617592970066,138.63607408868208,24.635161951650204,60.0,3.0
244.96852992090004,-90.20237971946202,2.0,92.4000000000002,73.4,198.99617592970066,138.63607408868208,-0.20237971946201583,60.0,2.0
245.78764955488464,-90.58794641695376,0.0,92.4000000000002,72.9,201.25474637743952,138.8384538081441,-0.5879464169537556,60.0,2.0
245.82019582148834,-90.93236128274695,0.0,92.4000000000002,72.9,204.29303071549532,139.42640022509784,-0.9323612827469532,60.0,2.0
245.87104073825972,-91.16523949226566,0.0,92.4000000000002,72.9,208.1433020101785,140.3587615078448,-1.1652394922656555,60.0,2.0
246.51906166119528,-91.20750778228317,1.0,92.4000000000002,72.9,212.84051515438864,141.52400100011045,-1.207507782283173,60.0,2.0
246.92774515109033,-91.5409854788334,0.0,92.4000000000002,72.9,218.4111614451299,142.73150878239363,-1.5409854788334059,60.0,2.0
247.05730372810646,-91.85562770047052,0.0,92.4000000000002,72.9,223.1282051708589,-125.72750573877298,-1.8556277004705208,60.0,2.0
247.18679439930006,-91.85465527611906,0.0,92.4000000000002,72.9,227.58690640686484,-123.87187803830244,-1.8546552761190611,60.0,2.0
247.31621727133435,-91.85368437893696,0.0,92.4000000000002,72.9,231.82829967389296,-122.0172227621834,-1.8536843789369613,-60.0,2.0
247.38898788224574,-91.38974815178086,0.0,92.4000000000002,72.9,234.84311872414185,-120.16353838324645,-1.3897481517808643,-60.0,2.0
247.42132350587949,-90.92632720311998,0.0,92.4000000000002,72.9,236.76852976438738,-118.77379023146557,-0.9263272031199818,-60.0,2.0
247.42940675150385,-90.46313333732985,0.0,92.4000000000002,72.9,237.7027682740536,-117.84746302834557,-0.4631333373298503,60.0,2.0
247.44759308872077,-90.69465840225641,0.0,92.4000000000002,72.9,239.08263912828625,-117.38432969101572,-0.6946584022564082,60.0,2.0
247.4799210550245,-90.92610785105302,0.0,92.4000000000002,72.9,240.87927090124276,-116.68967128875931,-0.9261078510530183,60.0,2.0
247.53042504993434,-91.15742694122328,0.0,92.4000000000002,70.4,243.05256322375533,-115.7635634377063,-1.157426941223278,60.0,2.0
247.60313270514402,-91.38854596313662,0.0,92.4000000000002,70.4,245.55083224939767,-114.60613649648303,-1.3885459631366217,60.0,2.0
247.7020616091056,-91.61938038215443,0.0,90.4000000000002,70.4,248.3104007902524,-113.2175905333464,-1.6193803821544321,-60.0,2.0
247.75252032098774,-91.15638923643915,0.0,90.4000000000002,70.4,250.1508783274794,-111.59821015119195,-1.1563892364391535,-60.0,2.0
247.7706829417098,-90.69375253214136,0.0,90.4000000000002,70.4,251.19864659266477,-110.44182091475284,-0.6937525321413602,-60.0,2.0
247.77270092849477,-90.23124393788146,0.0,90.4000000000002,70.4,251.53653158053066,-109.74806838261148,-0.2312439378814588,-60.0,2.0
247.77320542262296,-89.88437850190003,0.0,90.4000000000002,70.4,251.36948975856615,-109.51682444472999,0.11562149809996924,-60.0,2.0
247.7777458235531,-89.65313997854891,0.0,99.4000000000002,61.900000000000006,250.86551227016662,-109.63244594282995,0.34686002145109285,-60.0,2.0
247.79035761183545,-89.4219231112706,0.0,99.4000000000002,61.900000000000006,250.01131046084572,-109.97930596428102,0.5780768887293988,-60.0,2.0
247.81507485502416,-89.19075990089706,0.0,99.4000000000002,61.900000000000006,248.78230190687555,-110.55738285301044,0.8092400991029365,-60.0,2.0
248.21836207655335,-88.74440596989785,1.0,99.4000000000002,61.900000000000006,247.14279735086768,-111.36662295211335,1.255594030102145,-60.0,2.0
248.43865757936936,-88.66034691219981,0.0,99.4000000000002,61.900000000000006,245.02720432581384,-112.62221698221552,1.3396530878001869,-60.0,2.0
248.52367408325338,-88.5012895013458,0.0,99.4000000000002,61.900000000000006,242.38736845760957,-113.96187007001572,1.498710498654205,-60.0,2.0
248.63681662183333,-88.27144046738563,0.0,99.4000000000002,61.900000000000006,239.16319332774242,-115.46058056866994,1.7285595326143692,-60.0,2.0
230.82711271952712,-97.63014289773425,5.0,99.4000000000002,9.200000000000067,235.50775862382352,-117.18914010128427,-7.630142897734245,60.0,2.0
248.7654851056295,-88.15711862565442,0.0,99.4000000000002,61.900000000000006,235.50775862382352,-117.18914010128427,1.8428813743455805,60.0,2.0
231.0095308523009,-97.3035232546972,3.0,99.4000000000002,9.200000000000067,232.5959685110629,-119.03202147562985,-7.303523254697197,60.0,2.0
248.83783189024788,-88.61834515056933,0.0,99.4000000000002,61.900000000000006,232.5959685110629,-119.03202147562985,1.3816548494306744,60.0,2.0
249.34793595097372,-88.87703443517294,1.0,97.4000000000002,58.900000000000006,230.57100999488716,-120.41367632506055,1.1229655648270551,60.0,2.0
157.49392131854532,-99.30524508176697,8.0,97.4000000000002,45.00000000000001,229.52492251558226,-121.53664188988759,-9.30524508176697,60.0,3.0
250.40729705752702,-89.15033174879825,2.0,97.4000000000002,67.9,229.52492251558226,-121.53664188988759,0.8496682512017486,60.0,2.0
155.01520955003474,-97.3654501891221,8.0,97.4000000000002,45.00000000000001,229.52492251558226,-122.38631014108933,-7.3654501891221,60.0,3.0
250.71876560988267,-89.91646113630206,0.0,97.4000000000002,67.4,229.52492251558226,-122.38631014108933,0.08353886369793884,60.0,2.0
152.46206938366254,-95.00759723477937,8.0,103.4000000000002,45.00000000000001,230.0617782281829,-122.46984900478728,-5.007597234779368,60.0,3.0
250.72075986831103,-90.22852487945477,0.0,103.4000000000002,57.400000000000006,230.0617782281829,-122.46984900478728,-0.22852487945476696,60.0,2.0
149.70286587292526,-92.7067106081874,8.0,103.4000000000002,45.00000000000001,231.12875112320512,-122.24132412533248,-2.706710608187393,60.0,3.0
249.95023094767967,-90.6006878985382,-1.0,103.4000000000002,57.400000000000006,231.12875112320512,-122.24132412533248,-0.6006878985381974,60.0,2.0
146.60509578799068,-90.42422265750949,8.0,103.4000000000002,54.00000000000001,232.70252067169565,-121.6406362267943,-0.42422265750948895,60.0,3.0
248.6576691052909,-91.03485165308213,-2.0,103.4000000000002,41.400000000000006,232.70252067169565,-121.6406362267943,-1.0348516530821286,60.0,2.0
143.03363744235034,-88.12241403669609,8.0,103.4000000000002,54.00000000000001,234.7390339258875,-120.60578457371219,1.8775859633039147,60.0,3.0
246.8685763042989,-91.47285506550689,-3.0,103.4000000000002,41.400000000000006,234.7390339258875,-120.60578457371219,-1.4728550655068915,60.0,2.0
138.85446151446547,-85.8272275621191,8.0,103.4000000000002,54.00000000000001,237.17322133455298,-119.13292950820528,4.172772437880894,60.0,3.0
245.054805557597,-91.9845996082493,-4.0,103.4000000000002,41.400000000000006,237.17322133455298,-119.13292950820528,-1.9845996082492974,60.0,2.0
133.93082546269542,-83.50385112214099,8.0,103.4000000000002,54.00000000000001,239.91099525686423,-117.148329899956,6.496148877859014,60.0,3.0
243.5491256009159,-92.51504801302934,-5.0,103.4000000000002,41.400000000000006,239.91099525686423,-117.148329899956,-2.515048013029343,60.0,2.0
128.13002257823246,-81.18715588406772,8.0,103.4000000000002,54.00000000000001,242.8286574008663,-114.63328188692665,8.812844115932279,60.0,3.0
241.42143579158193,-92.96241253902048,-6.0,103.4000000000002,41.400000000000006,242.8286574008663,-114.63328188692665,-2.9624125390204767,60.0,2.0
121.34345549417336,-79.0385420876622,8.0,103.4000000000002,54.00000000000001,245.78285191719579,-111.67086934790618,10.961457912337806,60.0,3.0
238.70876365280887,-93.42401664178018,-7.0,103.4000000000002,41.400000000000006,245.78285191719579,-111.67086934790618,-3.4240166417801845,60.0,2.0
113.71463561281533,-76.67069122325944,8.0,103.4000000000002,54.00000000000001,248.287745024635,-108.24685270612599,13.329308776740561,-60.0,3.0
235.43957927408243,-93.66885458496142,-8.0,103.4000000000002,41.400000000000006,248.287745024635,-108.24685270612599,-3.668854584961423,-60.0,2.0
232.0140575693075,-93.22289518613208,-8.0,103.4000000000002,41.400000000000006,249.79793143035818,-104.57799812116457,-3.222895186132078,-60.0,2.0
228.75875766092398,-92.80123526472025,-8.0,103.4000000000002,41.400000000000006,250.58548798117795,-101.35510293503245,-2.8012352647202476,-60.0,2.0
226.30667389904252,-92.41782832083179,-8.0,101.4000000000002,41.400000000000006,250.88296635505458,-98.55386767031223,-2.417828320831788,60.0,2.0
224.77278994417108,-92.75312137431507,-8.0,101.4000000000002,41.400000000000006,251.2036348374114,-96.13603934948048,-2.7531213743150715,60.0,2.0
224.22752938339494,-93.05579138188723,-8.0,101.4000000000002,38.900000000000006,251.4396698699785,-93.38291797516538,-3.055791381887232,-60.0,2.0
223.4535958016778,-92.5490140601617,-8.0,101.4000000000002,38.900000000000006,251.45108868018758,-90.32712659327817,-2.5490140601616957,-60.0,2.0
222.39859802323252,-92.03829109011069,-8.0,101.4000000000002,38.900000000000006,251.45108868018758,-87.77811253311646,-2.0382910901106897,-60.0,2.0
221.59138095145224,-91.79664089385857,-8.0,101.4000000000002,38.900000000000006,251.5253743300425,-85.73982144300575,-1.7966408938585658,60.0,2.0
221.08953473085862,-92.06689993058559,-8.0,100.20000000000022,38.900000000000006,251.5253743300425,-83.9431805491472,-2.066899930585592,60.0,2.0
220.88645879267088,-94.3989964006109,-8.0,100.20000000000022,38.900000000000006,251.4198596644012,-83.9431805491472,-4.398996400610898,-60.0,2.0
220.78291612044004,-91.94584821216338,-8.0,99.60000000000022,38.900000000000006,251.5105982772203,-79.54418414853629,-1.9458482121633836,-60.0,2.0
220.82038008323974,-91.68672940077272,-8.0,99.00000000000023,38.900000000000006,251.83274381664478,-77.59833593637293,-1.6867294007727196,-60.0,2.0
220.9800643953686,-91.42605402181329,-8.0,98.40000000000023,38.900000000000006,252.44129016069962,-75.91160653560021,-1.426054021813286,-60.0,2.0
221.24439486445218,-91.16467386603628,-8.0,98.40000000000023,38.900000000000006,253.3774748961157,-74.4855525137869,-1.1646738660362814,-60.0,2.0
221.5973973726585,-90.90327792633818,-8.0,98.40000000000023,22.900000000000006,254.66902650734926,-73.32087864775062,-0.9032779263381769,-60.0,2.0
221.5046719712683,-90.64649480733401,-8.0,98.40000000000023,22.900000000000006,256.33045036668057,-72.41760072141244,-0.6464948073340082,-60.0,2.0
221.58295196280392,-90.38777863383297,-8.0,96.40000000000023,22.900000000000006,258.3637410206778,-71.77110591407845,-0.3877786338329656,-60.0,2.0
221.15254478759974,-90.12652979919551,-8.0,96.40000000000023,22.900000000000006,260.7580041999761,-71.38332728024548,-0.12652979919550944,-60.0,2.0
220.18294875839018,-89.9846534252213,-8.0,96.40000000000023,22.900000000000006,254.96540577225102,-161.25679748104994,0.015346574778703825,-60.0,2.0
218.74347816396462,-89.96579768276912,-8.0,96.40000000000023,20.400000000000006,247.3889714455098,-161.27214405582868,0.03420231723087852,-60.0,2.0
217.39394854805462,-89.96978220224067,-8.0,96.40000000000023,20.400000000000006,239.81100516817344,-161.30634637305957,0.03021779775933453,-60.0,2.0
216.59353569803685,-89.98938108186296,-8.0,96.40000000000023,20.400000000000006,232.23168765699324,-161.33656417081892,0.010618918137041078,-60.0,2.0
216.34883854291695,-89.99900869419041,-8.0,96.40000000000023,20.400000000000006,224.65189580564402,-161.34718308895594,9.91305809591836E-4,-60.0,2.0
216.35343974009078,-89.99999964958671,-8.0,96.40000000000023,20.400000000000006,217.07205968659565,-161.34817439476552,3.504132877196753E-7,-60.0,2.0
216.15028568681186,-89.99931613887291,-8.0,96.40000000000023,20.400000000000006,209.49222355189966,-161.34817474517882,6.838611270865158E-4,-60.0,2.0
215.58534208715037,-89.99469191961084,-8.0,96.40000000000023,20.400000000000006,201.91235688006088,-161.3488586063059,0.005308080389156089,-60.0,2.0
214.96307699961145,-89.9935397406846,-8.0,96.40000000000023,20.400000000000006,194.33225321785773,-161.35416668669507,0.006460259315403505,-60.0,2.0
214.7434242870538,-89.9991952928241,-8.0,96.40000000000023,20.400000000000006,186.7518612116233,-161.36062694601046,8.047071759023083E-4,-60.0,2.0
215.06878034233193,-89.99823671510738,-8.0,96.40000000000023,20.400000000000006,179.17143329523492,-161.36143165318637,0.0017632848926183442,-60.0,2.0
215.58159112304855,-89.9956272865109,-8.0,96.40000000000023,20.400000000000006,171.59092669727545,-161.36319493807898,0.004372713489104285,-60.0,2.0
215.7366622207623,-89.99960080858925,-8.0,94.40000000000023,20.400000000000006,164.0102250103971,-161.3675676515681,3.9919141075017706E-4,-60.0,2.0
215.3333532010728,-89.99729327620527,-8.0,94.40000000000023,27.900000000000006,156.42950551576536,-161.36796684297883,0.002706723794730692,-60.0,2.0
214.6324269336888,-89.99178721220562,-8.0,94.40000000000023,27.900000000000006,148.8486652850815,-161.37067356677355,0.008212787794377618,-60.0,2.0
214.1012320574842,-89.99527532531468,-8.0,94.40000000000023,27.900000000000006,141.26745881854373,-161.37888635456792,0.004724674685320451,-60.0,2.0
303.661936717513,-92.26670938316249,5.0,94.40000000000023,108.0,141.26745881854373,-161.37888635456792,-2.2667093831624925,-60.0,2.0
214.24088962431514,-87.72972082457515,-8.0,94.40000000000023,25.400000000000006,133.79321665756123,-159.11217697140543,2.2702791754248466,-60.0,2.0
301.82951017277975,-87.41638125929256,6.0,94.40000000000023,108.0,133.79321665756123,-159.11217697140543,2.5836187407074362,-60.0,2.0
214.0350852522873,-90.31293216703543,-8.0,94.40000000000023,25.400000000000006,126.19799717965554,-161.69579571211287,-0.31293216703542726,-60.0,2.0
299.9888018753783,-87.20163816727077,7.0,94.40000000000023,108.0,126.19799717965554,-161.69579571211287,2.7983618327292277,-60.0,2.0
212.88122780574002,-93.10573819164897,-8.0,94.40000000000023,25.400000000000006,118.48917159661147,-164.4941575448421,-3.1057381916489675,-60.0,2.0
298.2640684109958,-86.98097717606676,8.0,94.40000000000023,108.0,118.48917159661147,-164.4941575448421,3.0190228239332413,-60.0,2.0
210.75322978777,-96.10940011206735,-8.0,94.40000000000023,25.400000000000006,110.67840542672258,-167.51318036877532,-6.109400112067348,-60.0,2.0
296.9555522603536,-86.94796505461716,8.0,94.40000000000023,108.0,110.67840542672258,-167.51318036877532,3.052034945382843,-60.0,2.0
296.0709611779263,-86.92313676103198,8.0,94.40000000000023,108.0,102.78662283940622,-170.56521531415817,3.0768632389680164,-60.0,2.0
295.61569786685465,-86.9069391260831,8.0,94.40000000000023,108.0,94.83582671960232,-173.64207855312623,3.0930608739168974,-60.0,2.0
295.5927263063016,-86.8996677295031,8.0,94.40000000000023,108.0,86.84881125721131,-176.7351394270431,3.1003322704969065,-60.0,2.0
296.0024971809225,-86.90145322018303,8.0,94.40000000000023,108.0,78.84884424062955,-179.83547169754002,3.098546779816971,-60.0,2.0
296.8429366512141,-86.91225525037441,8.0,94.40000000000023,106.0,70.85933110158453,177.06598152264303,3.0877447496255854,-60.0,2.0
298.1094990995626,-86.93186455169551,8.0,94.40000000000023,106.0,62.90347414528685,173.97823677301744,3.0681354483044885,-60.0,2.0
299.7952808191841,-86.95991296060609,8.0,92.40000000000023,106.0,55.00394074616668,170.91010132471297,3.04008703939391,60.0,2.0
301.79298201884734,-87.37507401201975,8.0,92.40000000000023,106.0,49.137900351571034,167.87001428531903,2.624925987980248,60.0,2.0
304.0570458535896,-87.78791048489369,8.0,92.40000000000023,106.0,45.26980391352686,165.24508829733878,2.212089515106314,60.0,2.0
201.74880801697572,-86.04154444144046,8.0,92.40000000000023,3.0,43.356857943231034,163.03299878223245,3.9584555585595353,60.0,2.0
306.54359788800053,-88.19569582588632,8.0,92.40000000000023,106.0,43.356857943231034,163.03299878223245,1.8043041741136818,60.0,2.0
204.27523970026394,-89.98829736038289,8.0,92.40000000000023,3.0,43.356857943231034,161.2286946081188,0.011702639617112709,60.0,2.0
309.21071727711586,-88.59633132746252,8.0,92.40000000000023,106.0,43.356857943231034,161.2286946081188,1.4036686725374778,60.0,2.0
312.03772152076107,-88.80471541598355,8.0,92.40000000000023,112.0,44.29550169752736,159.82502593558132,1.1952845840164485,60.0,2.0
315.00001870119604,-89.00864980618223,8.0,76.40000000000023,112.0,46.15799188213634,158.62974135156486,0.991350193817766,60.0,2.0
210.0956096570536,-87.21904991619732,8.0,76.40000000000023,74.8000000000001,48.93239537130114,157.6383911577471,2.7809500838026793,60.0,2.0
318.0740376953344,-89.20767402511439,8.0,76.40000000000023,112.0,48.93239537130114,157.6383911577471,0.792325974885614,60.0,2.0
208.0864805886252,-91.23171563267286,8.0,76.40000000000023,74.8000000000001,52.610202439953696,156.84606518286145,-1.2317156326728593,60.0,2.0
321.2371868522911,-89.40148266669891,8.0,76.40000000000023,112.0,52.610202439953696,156.84606518286145,0.5985173333010891,60.0,2.0
206.33147135513758,-95.34760558698781,8.0,76.40000000000023,74.8000000000001,57.18667364739622,156.2475478495604,-5.347605586987811,60.0,2.0
324.4677849007747,-89.5899062367851,8.0,76.40000000000023,112.0,57.18667364739622,156.2475478495604,0.41009376321490265,60.0,2.0
327.7449731466927,-89.77289256751507,8.0,76.40000000000023,112.0,62.66100096806633,155.8374540863455,0.22710743248492804,60.0,2.0
331.0486164960104,-89.95048952419917,8.0,76.40000000000023,112.0,69.03630868773587,155.61034665386055,0.04951047580082957,60.0,2.0
334.35919937581355,-90.1228294398523,8.0,76.40000000000023,112.0,76.31951729297123,155.56083617805976,-0.12282943985229622,-60.0,2.0
337.65585805977787,-89.78105458878949,8.0,76.40000000000023,112.0,81.78723282188741,155.68366561791206,0.21894541121051248,-60.0,2.0
340.99363863396434,-89.44926193950923,8.0,80.40000000000023,112.0,85.42605582838576,155.46472020670151,0.5507380604907723,-60.0,2.0
344.42541018666697,-89.12738825275876,8.0,80.40000000000023,112.0,87.23740041105452,154.9139821462107,0.8726117472412369,-60.0,2.0
348.00152984674787,-88.81566276136898,8.0,80.40000000000023,112.0,87.23740041105452,154.0413703989695,1.1843372386310165,-60.0,2.0
351.7232809597625,-88.8402398471854,8.0,79.80000000000024,112.0,87.23740041105452,152.8570331603385,1.1597601528145987,-60.0,2.0
355.5860907888878,-87.70522035535399,8.0,79.20000000000024,112.0,87.23740041105452,152.8570331603385,2.294779644646013,-60.0,2.0
359.58541343601007,-86.59502056627461,8.0,78.00000000000026,112.0,87.23740041105452,152.8570331603385,3.404979433725387,-60.0,2.0
363.71674576429587,-85.50964158569454,8.0,77.40000000000026,112.0,87.23740041105452,152.8570331603385,4.490358414305462,-60.0,2.0
367.9756415074136,-84.44901323706956,8.0,76.80000000000027,112.0,87.23740041105452,152.8570331603385,5.550986762930435,-60.0,2.0
372.3577236156324,-83.41300067137233,8.0,76.20000000000027,112.0,87.23740041105452,152.8570331603385,6.58699932862767,-60.0,2.0
376.85869491049135,-82.40141084816365,8.0,75.60000000000028,112.0,87.23740041105452,152.8570331603385,7.59858915183635,-60.0,2.0
381.4743471362943,-81.41399881811691,8.0,75.00000000000028,112.0,87.23740041105452,152.8570331603385,8.586001181883091,-60.0,2.0
386.2005685087544,-80.45047375135212,8.0,74.40000000000029,112.0,87.23740041105452,152.8570331603385,9.54952624864788,-60.0,2.0
391.03334986917446,-79.5105046689876,8.0,73.8000000000003,111.0,87.23740041105452,152.8570331603385,10.489495331012407,-60.0,2.0
395.9687895571207,-78.59372584708397,8.0,73.2000000000003,111.0,87.23740041105452,152.8570331603385,11.406274152916026,-60.0,2.0
401.21732155571755,-77.56021502477203,8.0,72.2000000000003,111.0,86.34752947569211,152.8570331603385,12.439784975227965,60.0,1.0
406.3265482061403,-86.01117244650209,8.0,72.2000000000003,111.0,86.75001279295759,143.6070331603385,3.988827553497913,60.0,1.0
411.5352132095667,-89.36039586755165,8.0,72.2000000000003,111.0,87.89262910458297,139.61820560684055,0.6396041324483548,60.0,1.0
416.80093697774373,-89.5139549388335,8.0,72.2000000000003,111.0,89.7787903699006,138.97860147439224,0.48604506116649304,60.0,1.0
422.1100256098165,-89.6618839991733,8.0,75.2000000000003,111.0,92.39983407532321,138.4925564132257,0.3381160008267017,60.0,1.0
427.44951781506336,-89.80435785809028,8.0,75.2000000000003,111.0,95.75208999935785,138.15444041239903,0.1956421419097154,60.0,1.0
74.6098371442503,-109.89701966737537,-8.0,75.2000000000003,19.400000000000006,99.83673901642629,137.9587982704893,-19.897019667375375,60.0,3.0
432.80706146742494,-89.94157888563875,8.0,75.2000000000003,111.0,99.83673901642629,137.9587982704893,0.05842111436125208,-60.0,1.0
78.86216605163942,-106.94121097928583,-8.0,75.2000000000003,28.400000000000006,102.43366990584866,137.90037715612806,-16.941210979285827,60.0,3.0
438.17720586262107,-89.68148916691564,8.0,75.2000000000003,111.0,102.43366990584866,137.90037715612806,0.31851083308436046,60.0,1.0
84.07624618241613,-105.40331064540058,-8.0,75.2000000000003,28.400000000000006,105.7557584202321,137.5818663230437,-15.40331064540058,60.0,3.0
443.57572251291,-89.81839789603376,8.0,75.2000000000003,111.0,105.7557584202321,137.5818663230437,0.18160210396624166,60.0,1.0
90.09438643543355,-104.76114438557197,-8.0,75.2000000000003,28.400000000000006,109.8043095670954,137.40026421907746,-14.761144385571967,60.0,3.0
448.9908714548399,-89.95038496581148,8.0,75.2000000000003,111.0,109.8043095670954,137.40026421907746,0.04961503418851976,60.0,1.0
96.82554551823519,-104.86718524416251,-8.0,75.2000000000003,28.400000000000006,114.58514925219572,137.3506491848889,-14.867185244162513,60.0,3.0
454.41136678316207,-90.07765625853607,8.0,75.2000000000003,111.0,114.58514925219572,137.3506491848889,-0.0776562585360665,60.0,1.0
459.8262781822522,-90.20043058529725,8.0,75.2000000000003,111.0,120.10838467496319,137.428305443425,-0.200430585297255,60.0,1.0
465.2224267942234,-90.25735791138301,8.0,75.2000000000003,111.0,126.01873216471756,137.62873602872224,-0.2573579113830107,-60.0,1.0
470.58728480469955,-90.00797428587887,8.0,74.2000000000003,111.0,130.46961077794492,137.88609394010524,-0.007974285878873388,-60.0,1.0
475.95524667345984,-89.76703262463104,8.0,74.2000000000003,111.0,133.4372364915875,137.8940682259841,0.23296737536895762,60.0,1.0
481.3442293533824,-89.8912762702222,8.0,74.2000000000003,111.0,137.13310651202846,137.66110085061516,0.10872372977779321,60.0,1.0
486.7435665151966,-90.01139963040755,8.0,74.2000000000003,111.0,141.5604742417451,137.55237712083735,-0.011399630407552763,60.0,1.0
492.1429393179337,-90.12757062928753,8.0,74.2000000000003,111.0,146.72667646489134,137.56377675124492,-0.1275706292875327,60.0,1.0
497.53229656717133,-90.23996684294578,8.0,74.2000000000003,111.0,152.64291206822764,137.69134738053245,-0.2399668429457762,60.0,1.0
502.89668893327956,-90.23484344910688,8.0,74.2000000000003,111.0,158.58164920925105,137.93131422347824,-0.23484344910687582,60.0,1.0
508.2365618825891,-90.22990482389142,8.0,74.2000000000003,111.0,164.54230661380865,138.1661576725851,-0.22990482389141675,60.0,1.0
513.5523474907512,-90.22514170680448,8.0,74.2000000000003,111.0,170.52432631084423,138.3960624964765,-0.22514170680447876,60.0,1.0
518.8444649942614,-90.22054542656186,8.0,74.2000000000003,111.0,176.52717237998996,138.62120420328097,-0.2205454265618556,-60.0,1.0
524.1095936998926,-89.99746842746568,8.0,74.2000000000003,111.0,181.04454043218198,138.84174962984284,0.0025315725343233453,-60.0,1.0
529.3788531508056,-89.78105409295699,8.0,74.2000000000003,111.0,184.0560028127651,138.83921805730847,0.21894590704300754,60.0,1.0
534.668164862879,-89.89254278499484,8.0,74.2000000000003,111.0,187.80772783896475,138.6202721502655,0.10745721500515515,-60.0,1.0
539.976078993274,-89.68243504903946,8.0,73.2000000000003,111.0,190.0550395555215,138.51281493526034,0.31756495096054493,-60.0,1.0
545.3314208077811,-89.47851190187666,8.0,73.2000000000003,111.0,190.8004602948256,138.19524998429978,0.5214880981233421,-60.0,1.0
550.7555862068516,-89.33266801899755,8.0,73.2000000000003,111.0,190.43079888627977,137.6737618861764,0.6673319810024481,-60.0,1.0
556.259496351714,-89.24276554905214,8.0,73.2000000000003,111.0,189.3336535368901,137.006429905174,0.7572344509478626,-60.0,1.0
561.8526790849569,-89.15572278596629,8.0,73.2000000000003,111.0,187.52776790743746,136.2491954542261,0.8442772140337098,-60.0,1.0
561.8635804133806,-89.64308680571077,0.0,73.2000000000003,111.0,185.03546580205358,135.40491824019242,0.35691319428923407,-60.0,1.0
561.8816005129048,-89.54112438651224,0.0,73.2000000000003,111.0,181.85082039388664,135.04800504590318,0.45887561348776273,-60.0,1.0
561.9085183505795,-89.43917593504347,0.0,73.2000000000003,111.0,177.9897216707932,134.5891294324154,0.5608240649565346,-60.0,1.0
561.9461121806462,-89.33724806715952,0.0,73.2000000000003,111.0,173.4721329115966,134.0283053674589,0.6627519328404787,-60.0,1.0
561.9961592350462,-89.23534868424942,0.0,73.2000000000003,111.0,168.3222536694554,133.36555343461842,0.7646513157505836,-60.0,1.0
562.053096241755,-89.18445122431268,0.0,73.2000000000003,110.0,162.9071531942031,132.60090211886785,0.8155487756873185,-60.0,1.0
562.110027481225,-89.18453382973841,0.0,73.2000000000003,110.0,157.5764181488844,131.7853533431805,0.8154661702615869,-60.0,1.0
562.1669529552084,-89.18461641006834,0.0,73.2000000000003,110.0,152.33111985119956,130.96988717291893,0.8153835899316562,-60.0,1.0
562.2238726654566,-89.18469896531522,0.0,72.2000000000003,110.0,147.1723119897278,130.15450358298727,0.8153010346847793,60.0,1.0
562.2558874702368,-89.38856807065551,0.0,72.2000000000003,110.0,143.36885081204872,129.33920254830255,0.6114319293444908,60.0,1.0
562.2701156872412,-89.59239332691985,0.0,72.2000000000003,110.0,140.86636741722202,128.72777061895803,0.40760667308015286,-60.0,1.0
562.2923465555472,-89.4905093857258,0.0,72.2000000000003,110.0,137.7660915292451,128.32016394587788,0.5094906142741991,-60.0,1.0
561.7203326157907,-89.30739527437312,1.0,72.2000000000003,110.0,134.08776610803022,127.81067333160371,0.6926047256268788,-60.0,1.0
560.5793050538655,-89.12150817844885,2.0,72.2000000000003,110.0,129.8635497399457,127.11806860597682,0.878491821551151,-60.0,1.0
558.9029517988375,-88.93176994907525,3.0,72.2000000000003,110.0,125.13424629485195,126.23957678442565,1.068230050924754,-60.0,1.0
556.7129376486666,-88.84006251581897,4.0,72.2000000000003,110.0,120.52605753505856,125.17134673350085,1.1599374841810288,-60.0,1.0
554.0492674949768,-88.74398925085197,5.0,72.2000000000003,110.0,116.051193712839,124.01140924931985,1.2560107491480323,-60.0,1.0
550.9574218602731,-88.64318645291144,6.0,72.2000000000003,110.0,111.72276400875677,122.7553985001718,1.3568135470885636,-60.0,1.0
547.4888900301164,-88.53733583428436,7.0,72.2000000000003,110.0,107.55485559801093,121.39858495308326,1.462664165715637,60.0,1.0
543.6504877032947,-88.63688624966245,8.0,72.2000000000003,110.0,104.56066881476107,119.93592078736759,1.363113750337547,-60.0,1.0
540.0064632771966,-88.51167951657263,8.0,72.2000000000003,110.0,101.21274306290559,118.57280703703003,1.4883204834273727,-60.0,1.0
536.577180846395,-88.38498350220127,8.0,71.2000000000003,110.0,97.57031221586533,117.08448655360269,1.6150164977987345,-60.0,1.0
533.3542180313129,-88.3644932923343,8.0,71.2000000000003,110.0,94.13007145659759,115.46947005580395,1.635506707665698,-60.0,1.0
530.3427730972624,-88.34490965165766,8.0,71.2000000000003,110.0,90.89737075161395,113.83396334813824,1.6550903483423411,-60.0,1.0
527.5478379458949,-88.3263253444481,8.0,71.2000000000003,110.0,87.87737587491233,112.17887299979586,1.6736746555519062,-60.0,1.0
524.9741666396353,-88.30883205029458,8.0,71.2000000000003,110.0,85.07503697554466,110.50519834424398,1.6911679497054166,-60.0,1.0
522.6262440378132,-88.2925193651002,8.0,71.2000000000003,109.0,82.49505699315057,108.81403039453855,1.7074806348997953,-60.0,1.0
520.5082549564144,-88.27747376005532,8.0,71.2000000000003,109.0,80.14186031582312,107.10654975963877,1.7225262399446848,-60.0,1.0
518.62405428556,-88.26377751789236,8.0,71.2000000000003,109.0,78.01956210223841,105.3840235196941,1.7362224821076353,-60.0,1.0
516.9771385116634,-88.25150766818211,8.0,71.2000000000003,109.0,76.13193870914552,103.64780103758648,1.7484923318178858,60.0,1.0
515.5130947951056,-88.46291714262571,8.0,71.2000000000003,109.0,74.89478443323742,101.89930870576859,1.537082857374287,60.0,1.0
514.2111397510243,-88.67732555779929,8.0,71.2000000000003,109.0,74.17530181802397,100.36222584839425,1.3226744422007073,60.0,1.0
513.0497482180946,-88.89425897465814,8.0,71.2000000000003,109.0,73.8610693556044,99.03955140619354,1.1057410253418567,60.0,1.0
512.0068281275679,-89.11329901075105,8.0,71.2000000000003,109.0,73.8610693556044,97.9338103808517,0.8867009892489506,60.0,1.0
511.0724614201395,-89.22198899375621,8.0,70.2000000000003,109.0,73.98375474305726,97.0471093916027,0.778011006243787,60.0,1.0
510.2335944986425,-89.33159755937508,8.0,70.2000000000003,109.0,74.20215117766747,96.26909838535892,0.6684024406249165,60.0,1.0
509.4769967620411,-89.44198609235904,8.0,70.2000000000003,109.0,74.49493614259279,95.60069594473396,0.5580139076409552,60.0,1.0
508.7892955012,-89.55303439336296,8.0,70.2000000000003,109.0,74.8465274459736,95.04268203709302,0.4469656066370362,60.0,1.0
508.15700468833774,-89.66464182592013,8.0,70.2000000000003,109.0,75.2471494586299,94.59571643045598,0.3353581740798717,60.0,1.0
507.5665482289179,-89.77672824306488,8.0,70.2000000000003,109.0,75.69288212383833,94.2603582563761,0.22327175693511947,60.0,1.0
507.00427833995843,-89.8892347307403,8.0,70.2000000000003,109.0,76.18569727088641,94.03708649944099,0.11076526925970143,60.0,1.0
506.45648979380076,-90.00212420738889,8.0,70.2000000000003,109.0,76.73348616510941,93.92632123018126,-0.0021242073888885216,60.0,1.0
505.9084053499781,-90.00212880936124,8.0,70.2000000000003,109.0,77.28157095812878,93.92844543757013,-0.002128809361238382,60.0,1.0
505.36002436820434,-90.00213342880508,8.0,70.2000000000003,109.0,77.82995229023629,93.93057424693143,-0.002133428805080939,-60.0,1.0
504.81523343430706,-89.77514044146734,8.0,70.2000000000003,109.0,78.24146117567318,93.93270767573654,0.22485955853265693,-60.0,1.0
504.31361230090096,-89.54745218189183,8.0,70.2000000000003,109.0,78.50013716616616,93.70784811720387,0.45254781810817235,-60.0,1.0
503.8949005806037,-89.31921688702606,8.0,70.2000000000003,109.0,78.61370745858301,93.25530029909567,0.6807831129739412,-60.0,1.0
503.5989695286215,-89.0906994799871,8.0,69.2000000000003,109.0,78.61370745858301,92.57451718612174,0.9093005200129056,-60.0,1.0
503.44688561199337,-88.97606700017492,8.0,69.2000000000003,111.0,78.58464803642687,91.66521666610879,1.0239329998250781,60.0,1.0
503.41321164191316,-89.14641586379656,8.0,69.2000000000003,111.0,78.59024417529292,90.64128366628375,0.8535841362034375,60.0,1.0
503.4848129224855,-89.26029592868454,8.0,69.2000000000003,111.0,78.58468617470567,89.78769953008032,0.7397040713154581,60.0,1.0
503.6477514622698,-89.37442433684454,8.0,69.2000000000003,111.0,78.54314905167291,89.04799545876483,0.625575663155459,-60.0,1.0
503.9237653600954,-89.14756856991566,8.0,69.2000000000003,111.0,78.52938380671958,88.42241979560936,0.8524314300843372,-60.0,1.0
504.33874206280694,-89.00671723353692,8.0,69.2000000000003,111.0,78.56118304946926,87.56998836552498,0.9932827664630821,-60.0,1.0
504.9103110791391,-88.89514926438515,8.0,69.2000000000003,111.0,78.66567942927941,86.57670559906194,1.1048507356148463,-60.0,1.0
505.65565396241294,-88.7846571135786,8.0,69.2000000000003,111.0,78.8827886217432,85.4718548634471,1.2153428864213964,-60.0,1.0
506.5916080317582,-88.67549301250996,8.0,69.2000000000003,111.0,79.25806978692037,84.2565119770257,1.3245069874900395,-60.0,1.0
507.734573113767,-88.5679255909066,8.0,69.2000000000003,111.0,79.8425437416447,82.9320049895357,1.4320744090934028,-60.0,1.0
509.1004081561801,-88.46223632580156,8.0,69.2000000000003,111.0,80.69245474581533,81.49993058044231,1.5377636741984446,-60.0,1.0
510.70431882372424,-88.3587154435085,8.0,69.2000000000003,111.0,81.86896908210997,79.96216690624385,1.6412845564914988,-60.0,1.0
512.5607376016919,-88.25765732234913,8.0,68.2000000000003,111.0,83.43780459462118,78.32088234975231,1.7423426776508677,-60.0,1.0
514.6596544216409,-88.24280805741527,8.0,68.2000000000003,111.0,85.29470254440673,76.57853967210144,1.7571919425847256,-60.0,1.0
516.9933700298993,-88.25746153552151,8.0,68.2000000000003,111.0,87.38933939818844,74.82134772951673,1.7425384644784856,-60.0,1.0
519.5576847557178,-88.27348581618547,8.0,68.2000000000003,111.0,89.71778779331038,73.07880926503827,1.7265141838145297,-60.0,1.0
522.3480747971581,-88.29079142319347,8.0,68.2000000000003,111.0,92.27577433824922,71.3522950812237,1.7092085768065317,-60.0,1.0
525.3597246771152,-88.30928497085064,8.0,68.2000000000003,109.0,95.05871123019102,69.64308650441717,1.6907150291493593,-60.0,1.0
528.5875604045137,-88.32887031344983,8.0,68.2000000000003,109.0,98.0617288962826,67.95237147526785,1.6711296865501737,-60.0,1.0
532.0262828822657,-88.34944965727448,8.0,52.2000000000003,109.0,101.27970918603609,66.28124178871764,1.6505503427255235,-60.0,1.0
535.6704011345305,-88.37092461527814,8.0,52.2000000000003,109.0,104.70731866743859,64.63069144599211,1.6290753847218582,-60.0,1.0
539.5142649641775,-88.3931971880604,8.0,52.2000000000003,109.0,108.33904161299205,63.00161606127028,1.6068028119396018,-60.0,1.0
543.5520966951437,-88.41617065840063,8.0,52.2000000000003,109.0,112.16921230225296,61.394813249330696,1.583829341599369,-60.0,1.0
547.7780217016756,-88.43975039026625,8.0,52.2000000000003,109.0,116.19204631249778,59.81098390773133,1.560249609733745,-60.0,1.0
552.1860974754138,-88.46384452670777,8.0,52.2000000000003,109.0,120.40167051701366,58.25073429799755,1.5361554732922258,-60.0,1.0
556.7703410302963,-88.48836458427908,8.0,51.2000000000003,109.0,124.79215155945042,56.71457882470531,1.5116354157209173,-60.0,1.0
561.5247544928847,-88.51322594448688,8.0,51.2000000000003,109.0,129.35752262111458,55.202943408984424,1.4867740555131235,-60.0,1.0
566.4433487708368,-88.53834824521697,8.0,51.2000000000003,109.0,134.09180834472755,53.71616935347129,1.461651754783034,-60.0,1.0
571.3756074817558,-89.36564506973679,8.0,50.0000000000003,109.0,134.09180834472755,52.25451759868827,0.6343549302632141,-60.0,1.0
576.3995193392682,-88.64284414020366,8.0,50.0000000000003,109.0,134.70396327938084,52.25451759868827,1.357155859796336,-60.0,1.0
581.4783531297181,-89.38827143754534,8.0,48.800000000000296,109.0,134.70396327938084,50.89736173889196,0.6117285624546582,-60.0,1.0
586.62231838071,-88.78720358372551,8.0,47.60000000000029,107.0,134.70396327938084,50.89736173889196,1.212796416274486,-60.0,1.0
591.8297167989023,-88.19664904829686,8.0,46.40000000000029,107.0,134.70396327938084,50.89736173889196,1.8033509517031376,-60.0,1.0
597.0988887530931,-87.6164566147527,8.0,45.20000000000029,107.0,134.70396327938084,50.89736173889196,2.383543385247293,-60.0,1.0
602.4282133284333,-87.04647182426476,8.0,44.000000000000284,107.0,134.70396327938084,50.89736173889196,2.9535281757352436,-60.0,1.0
607.8161082745324,-86.48653752152048,8.0,42.80000000000028,107.0,134.70396327938084,50.89736173889196,3.513462478479525,-60.0,1.0
613.2610298575216,-85.93649436348771,8.0,41.60000000000028,107.0,134.70396327938084,50.89736173889196,4.063505636512289,-60.0,1.0
618.7614726256135,-85.39618129227769,8.0,40.400000000000276,107.0,134.70396327938084,50.89736173889196,4.603818707722311,-60.0,1.0
624.3159690971613,-84.865435973394,8.0,38.20000000000027,107.0,134.70396327938084,50.89736173889196,5.134564026606,-60.0,1.0
629.9230893796777,-84.34409520073669,8.0,37.00000000000027,107.0,134.70396327938084,50.89736173889196,5.655904799263311,-60.0,1.0
635.581440727738,-83.83199526979675,8.0,35.80000000000027,107.0,134.70396327938084,50.89736173889196,6.168004730203251,-60.0,1.0
641.2896670471597,-83.32897232051444,8.0,34.600000000000264,107.0,134.70396327938084,50.89736173889196,6.671027679485562,-60.0,1.0
647.0464483523318,-82.8348626513013,8.0,33.40000000000026,107.0,134.70396327938084,50.89736173889196,7.165137348698707,-60.0,1.0
652.8505001830638,-82.34950300572943,8.0,32.20000000000026,107.0,134.70396327938084,50.89736173889196,7.6504969942705685,-60.0,1.0
658.7005729868363,-81.8727308333891,8.0,15.00000000000026,107.0,134.70396327938084,50.89736173889196,8.127269166610901,-60.0,1.0
664.595451471868,-81.40438452639448,8.0,13.80000000000026,107.0,134.70396327938084,50.89736173889196,8.59561547360552,-60.0,1.0
670.5339539359703,-80.94430363299378,8.0,12.60000000000026,107.0,134.70396327938084,50.89736173889196,9.05569636700622,-60.0,1.0
676.5149315757308,-80.4923290497017,8.0,11.400000000000261,107.0,134.70396327938084,50.89736173889196,9.507670950298305,-60.0,1.0
682.5372677801744,-80.04830319333279,8.0,10.200000000000262,107.0,134.70396327938084,50.89736173889196,9.951696806667215,-60.0,1.0
688.5998774126635,-79.61207015426736,8.0,9.000000000000263,107.0,134.70396327938084,50.89736173889196,10.387929845732643,-60.0,1.0
694.7017060844497,-79.18347583223024,8.0,7.800000000000264,107.0,134.70396327938084,50.89736173889196,10.816524167769757,-60.0,1.0
700.8417294229524,-78.7623680558121,8.0,5.600000000000264,107.0,134.70396327938084,50.89736173889196,11.237631944187896,-60.0,1.0
707.0189523375344,-78.34859668690501,8.0,4.400000000000265,107.0,134.70396327938084,50.89736173889196,11.651403313094988,-60.0,1.0
713.2324082852479,-77.94201371117063,8.0,3.200000000000265,107.0,134.70396327938084,50.89736173889196,12.057986288829369,-60.0,1.0
719.4811585387655,-77.54247331560165,8.0,2.0000000000002647,107.0,134.70396327938084,50.89736173889196,12.457526684398346,-60.0,1.0
725.7642914584557,-77.1498319541802,8.0,0.8000000000002646,107.0,134.70396327938084,50.89736173889196,12.8501680458198,-60.0,1.0
732.0809217703354,-76.76394840258357,8.0,0.0,107.0,134.70396327938084,50.89736173889196,13.236051597416434,-60.0,1.0
